,precision,recall,f1-score,support
7,0.8709677419354839,0.9,0.8852459016393442,30.0
8,0.8888888888888888,0.8,0.8421052631578947,30.0
9,0.7777777777777778,0.9333333333333333,0.8484848484848485,30.0
10,0.9354838709677419,0.9666666666666667,0.9508196721311475,30.0
17,0.967741935483871,1.0,0.9836065573770492,30.0
20,0.9333333333333333,0.9333333333333333,0.9333333333333333,30.0
24,0.9642857142857143,0.9,0.9310344827586207,30.0
26,1.0,0.6666666666666666,0.8,30.0
27,0.75,0.9,0.8181818181818182,30.0
accuracy,0.8888888888888888,0.8888888888888888,0.8888888888888888,0.8888888888888888
macro avg,0.8987199180747568,0.8888888888888888,0.888090208562673,270.0
weighted avg,0.8987199180747567,0.8888888888888888,0.8880902085626728,270.0
